date,sentence_count,hawkish_sentences,dovish_sentences,avg_confidence,finbert_net_hawkish_score
2008-01-30,353,95,18,0.8732434148997829,0.21813031161473087
2008-03-18,250,91,13,0.8569991259574891,0.312
2008-04-30,277,98,17,0.8540581436794157,0.2924187725631769
2008-08-05,203,71,10,0.8760088034744921,0.30049261083743845
2008-09-16,201,59,4,0.8844166847307291,0.2736318407960199
2008-10-29,301,86,17,0.8611797814155338,0.2292358803986711
2008-12-16,296,81,25,0.8584046876309691,0.1891891891891892
2009-01-28,381,70,17,0.864356730397292,0.13910761154855644
2009-03-18,266,37,27,0.8600179913796877,0.03759398496240601
2009-04-29,244,50,23,0.8666605018689985,0.11065573770491803
2009-06-24,312,59,36,0.8724790586110873,0.07371794871794872
2009-08-12,264,55,31,0.8589578552002256,0.09090909090909091
2009-09-23,275,51,38,0.8483303055979988,0.04727272727272727
2009-11-04,263,57,38,0.8707124664529649,0.07224334600760456
2009-12-16,313,69,32,0.8748000015656408,0.1182108626198083
2010-01-27,386,62,41,0.8801575356351279,0.054404145077720206
2010-03-16,235,45,19,0.8804279390801775,0.11063829787234042
2010-04-28,267,57,21,0.8805379411031244,0.1348314606741573
2010-06-23,303,71,25,0.8738025690462723,0.15181518151815182
2010-08-10,269,49,18,0.885249855239152,0.11524163568773234
2010-09-21,238,42,20,0.8887397946179414,0.09243697478991597
2010-11-03,267,64,30,0.8856524111849539,0.12734082397003746
2010-12-14,256,52,29,0.8707851551007479,0.08984375
2011-01-26,376,65,30,0.8873448119043036,0.09308510638297872
2011-03-15,253,68,28,0.8842297320073772,0.15810276679841898
2011-04-27,275,81,27,0.8794538778608496,0.19636363636363635
2011-06-22,258,70,22,0.8654210907082225,0.18604651162790697
2011-08-09,252,61,29,0.87498235158504,0.12698412698412698
2011-09-21,302,68,44,0.8511457816259751,0.07947019867549669
2011-11-02,271,65,35,0.8703371311685696,0.11070110701107011
2011-12-13,274,58,26,0.8601310469590835,0.11678832116788321
2012-01-25,378,65,34,0.8871186560108548,0.082010582010582
2012-03-13,225,47,29,0.8976126621829139,0.08
2012-04-25,251,52,30,0.8784106786982472,0.08764940239043825
2012-06-20,282,67,32,0.8729043454988629,0.12411347517730496
2012-08-01,256,60,40,0.8673010906204581,0.078125
2012-09-13,279,62,61,0.8709064244583089,0.0035842293906810036
2012-10-24,257,56,39,0.8840571549152122,0.06614785992217899
2012-12-12,277,59,44,0.8707393122709185,0.05415162454873646
2013-01-30,376,59,46,0.8922375308230837,0.034574468085106384
2013-03-20,264,63,56,0.8796964354361548,0.026515151515151516
2013-05-01,234,54,40,0.88762865603989,0.05982905982905983
2013-06-19,286,62,54,0.873511715472995,0.027972027972027972
2013-07-31,238,59,48,0.8912199104533476,0.046218487394957986
2013-09-18,247,65,51,0.8796168858947059,0.05668016194331984
2013-10-30,248,48,52,0.8791173180985835,-0.016129032258064516
2013-12-18,282,75,53,0.8999858391834489,0.07801418439716312
2014-01-29,390,74,38,0.8828740243728345,0.09230769230769231
2014-03-19,280,73,46,0.881735403410026,0.09642857142857143
2014-04-30,242,55,28,0.8779611752545537,0.1115702479338843
2014-06-18,288,77,30,0.8869238095358014,0.16319444444444445
2014-07-30,274,69,38,0.8813109022639963,0.11313868613138686
2014-09-17,287,85,33,0.8755954168607134,0.18118466898954705
2014-10-29,286,79,26,0.8735352489914927,0.1853146853146853
2014-12-17,251,82,26,0.8905934858844575,0.22310756972111553
2015-01-28,483,127,27,0.8857909637825336,0.2070393374741201
2015-03-18,275,78,23,0.8800459189848466,0.2
2015-04-29,270,86,29,0.8634917826564223,0.2111111111111111
2015-06-17,282,75,18,0.8883462632801515,0.20212765957446807
2015-07-29,295,80,27,0.8687969637119164,0.17966101694915254
2015-09-17,267,100,21,0.8884288455439864,0.2958801498127341
2015-10-28,291,98,27,0.8832116796798313,0.24398625429553264
2015-12-16,275,98,18,0.8956925721602006,0.2909090909090909
2016-01-27,452,126,15,0.8791800445951192,0.24557522123893805
2016-03-16,276,97,24,0.8787199934755546,0.2644927536231884
2016-04-27,320,96,31,0.868022034689784,0.203125
2016-06-15,290,85,26,0.8851403173701516,0.20344827586206896
2016-07-27,355,104,40,0.8705720203863063,0.18028169014084508
2016-09-21,358,96,45,0.885541705529117,0.1424581005586592
2016-11-02,325,106,26,0.8694647446962503,0.24615384615384617
2016-12-14,303,111,25,0.89392091063383,0.2838283828382838
2017-02-01,447,105,24,0.8898658622431275,0.18120805369127516
2017-03-15,323,106,33,0.8772068045825782,0.2260061919504644
2017-05-03,313,97,29,0.883654646980115,0.21725239616613418
2017-06-14,317,101,22,0.8935926854610443,0.24921135646687698
2017-07-26,281,103,22,0.8910104171024947,0.28825622775800713
2017-09-20,307,100,21,0.8934253550313583,0.25732899022801303
2017-11-01,283,101,22,0.899178908802174,0.2791519434628975
2017-12-13,270,100,14,0.9015897536719287,0.31851851851851853
2018-01-31,437,140,32,0.890786850070517,0.2471395881006865
2018-03-21,260,94,22,0.8823644553239529,0.27692307692307694
2018-05-02,290,102,23,0.8722612196001513,0.27241379310344827
2018-06-13,247,77,23,0.8756947508949017,0.21862348178137653
2018-08-01,309,95,36,0.858170711878434,0.19093851132686085
2018-09-26,258,76,22,0.8733764956163805,0.20930232558139536
2018-11-08,300,93,22,0.841292969584465,0.23666666666666666
2018-12-19,296,99,21,0.8785527066604512,0.2635135135135135
2019-01-30,481,128,23,0.8720457658574388,0.2182952182952183
2019-03-20,324,105,28,0.8665193948480818,0.23765432098765432
2019-05-01,339,79,33,0.8757077557499078,0.13569321533923304
2019-06-19,293,80,32,0.8801234469275425,0.16382252559726962
2019-07-31,358,117,43,0.8720978710737974,0.20670391061452514
2019-09-18,364,133,47,0.8707576848484657,0.23626373626373626
2019-10-30,431,109,53,0.8380542557919938,0.12993039443155452
2019-12-11,326,90,29,0.8768087848563867,0.18711656441717792
2020-01-29,460,119,28,0.8795112680481828,0.19782608695652174
2020-03-15,349,62,37,0.8426682296660022,0.07163323782234957
2020-04-29,337,80,18,0.838618351638494,0.18397626112759644
2020-06-10,349,84,38,0.8493591186651869,0.1318051575931232
2020-07-29,332,77,20,0.863434744258243,0.1716867469879518
2020-09-16,381,90,32,0.8670530797146124,0.15223097112860892
2020-11-05,341,70,61,0.8843856220546007,0.026392961876832845
2020-12-16,299,71,39,0.8837058961790142,0.10702341137123746
2021-01-27,463,94,40,0.8811774699914533,0.11663066954643629
2021-03-17,313,84,31,0.8757828556881926,0.16932907348242812
2021-04-28,333,75,40,0.8650766007893078,0.10510510510510511
2021-06-16,359,95,40,0.8800458811783857,0.1532033426183844
2021-07-28,363,94,74,0.8791436497173362,0.05509641873278237
2021-09-22,322,86,43,0.8872993743012411,0.13354037267080746
2021-11-03,291,87,39,0.8697714950006032,0.16494845360824742
2021-12-15,345,104,42,0.8733304578325023,0.17971014492753623
2022-01-26,488,119,40,0.8734836996090217,0.16188524590163936
2022-03-16,314,109,17,0.8558804232413602,0.2929936305732484
2022-05-04,307,105,13,0.8662659898642997,0.2996742671009772
2022-06-15,296,117,13,0.9001642964981698,0.35135135135135137
2022-07-27,317,127,17,0.8999770676676031,0.3470031545741325
2022-09-21,278,113,16,0.9041490153871852,0.3489208633093525
2022-11-02,295,114,11,0.8947671112367662,0.34915254237288135
2022-12-14,292,117,15,0.9122235970954372,0.3493150684931507
2023-02-01,318,119,19,0.8893825433351709,0.31446540880503143
2023-03-22,285,113,9,0.9025318210585076,0.3649122807017544
2023-05-03,313,127,17,0.8962586042218315,0.3514376996805112
2023-06-14,271,98,15,0.8999442685794127,0.3062730627306273
2023-07-26,264,108,16,0.918822230488965,0.3484848484848485
2023-09-20,254,95,11,0.8996013068542705,0.33070866141732286
2023-11-01,268,90,12,0.8865929939853612,0.291044776119403
2023-12-13,252,102,14,0.8927789338760905,0.3492063492063492
2024-01-31,290,105,14,0.8964552046923802,0.3137931034482759
2024-03-20,287,112,13,0.8669377894559388,0.34494773519163763
2024-05-01,278,107,13,0.8913337403921773,0.3381294964028777
2024-06-12,251,95,18,0.8853679220989881,0.30677290836653387
2024-07-31,265,79,18,0.890585513384837,0.23018867924528302
2024-09-18,243,86,27,0.8947573873241252,0.24279835390946503
2024-11-07,266,81,18,0.8755189098585817,0.23684210526315788
2024-12-18,254,84,20,0.8845002254632515,0.25196850393700787
2025-01-29,302,93,15,0.8748114597521081,0.2582781456953642
2025-03-19,271,86,13,0.8893986909591843,0.2693726937269373
2025-05-07,290,93,14,0.8836325104894309,0.27241379310344827
2025-06-18,271,88,13,0.8812937064584331,0.2767527675276753
2025-07-30,264,83,18,0.8741102735653068,0.24621212121212122
2025-09-17,239,74,20,0.8764987338536953,0.22594142259414227
2025-10-29,304,91,17,0.8658914167041841,0.24342105263157895
2025-12-10,266,96,21,0.8671520820685795,0.2819548872180451
2026-01-28,251,69,16,0.882816207242677,0.21115537848605578
2026-03-18,230,71,16,0.8817035677640335,0.2391304347826087
2026-04-29,268,81,15,0.8781775490783933,0.2462686567164179
2026-06-17,203,68,13,0.863032506310881,0.270935960591133
