date,source_url,sentence_count,hawkish_sentences,dovish_sentences,neutral_sentences,net_hawkish_score,DGS10,DGS2,score_ma3,DGS10_change_next_30d
2008-01-30,https://www.federalreserve.gov/monetarypolicy/fomcminutes20080130.htm,353,45,28,280,0.04815864022662889,3.78,2.3,0.04815864022662889,-0.2999999999999998
2008-03-18,https://www.federalreserve.gov/monetarypolicy/fomcminutes20080318.htm,250,40,16,194,0.096,3.48,1.58,0.07207932011331444,0.29000000000000004
2008-04-30,https://www.federalreserve.gov/monetarypolicy/fomcminutes20080430.htm,277,39,27,211,0.04332129963898917,3.77,2.29,0.062493313288539354,0.27
2008-08-05,https://www.federalreserve.gov/monetarypolicy/fomcminutes20080805.htm,203,40,14,149,0.12807881773399016,4.04,2.54,0.08913337245765977,-0.56
2008-09-16,https://www.federalreserve.gov/monetarypolicy/fomcminutes20080916.htm,201,26,11,164,0.07462686567164178,3.48,1.89,0.08200899434820703,0.4500000000000002
2008-10-29,https://www.federalreserve.gov/monetarypolicy/fomcminutes20081029.htm,301,28,21,252,0.023255813953488372,3.93,1.58,0.07532049911970677,-1.56
2008-12-16,https://www.federalreserve.gov/monetarypolicy/fomcminutes20081216.htm,296,30,25,241,0.016891891891891893,2.37,0.65,0.03825819050567402,0.33999999999999986
2009-01-28,https://www.federalreserve.gov/monetarypolicy/fomcminutes20090128.htm,381,21,13,347,0.02099737532808399,2.71,0.89,0.020381693724488083,-0.20000000000000018
2009-03-18,https://www.federalreserve.gov/monetarypolicy/fomcminutes20090318.htm,266,11,15,240,-0.015037593984962405,2.51,0.82,0.007617224411671159,0.6100000000000003
2009-04-29,https://www.federalreserve.gov/monetarypolicy/fomcminutes20090429.htm,244,16,20,208,-0.01639344262295082,3.12,0.94,-0.003477887093276412,0.6000000000000001
2009-06-24,https://www.federalreserve.gov/monetarypolicy/fomcminutes20090624.htm,312,19,33,260,-0.04487179487179487,3.72,1.19,-0.025434277159902697,0.0
2009-08-12,https://www.federalreserve.gov/monetarypolicy/fomcminutes20090812.htm,264,18,19,227,-0.003787878787878788,3.72,1.18,-0.021684372094208162,-0.28000000000000025
2009-09-23,https://www.federalreserve.gov/monetarypolicy/fomcminutes20090923.htm,275,24,22,229,0.007272727272727273,3.44,0.96,-0.013795648795648796,0.1299999999999999
2009-11-04,https://www.federalreserve.gov/monetarypolicy/fomcminutes20091104.htm,263,28,22,213,0.022813688212927757,3.57,0.91,0.008766178899258749,0.040000000000000036
2009-12-16,https://www.federalreserve.gov/monetarypolicy/fomcminutes20091216.htm,313,32,21,260,0.03514376996805112,3.61,0.85,0.021743395151235384,0.050000000000000266
2010-01-27,https://www.federalreserve.gov/monetarypolicy/fomcminutes20100127.htm,386,26,29,331,-0.007772020725388601,3.66,0.9,0.016728479151863426,0.0
2010-03-16,https://www.federalreserve.gov/monetarypolicy/fomcminutes20100316.htm,235,27,16,192,0.04680851063829787,3.66,0.93,0.024726753293653463,0.13999999999999968
2010-04-28,https://www.federalreserve.gov/monetarypolicy/fomcminutes20100428.htm,267,27,14,226,0.04868913857677903,3.8,1.03,0.029241876163229433,-0.6699999999999999
2010-06-23,https://www.federalreserve.gov/monetarypolicy/fomcminutes20100623.htm,303,27,20,256,0.0231023102310231,3.13,0.66,0.03953331981536667,-0.33999999999999986
2010-08-10,https://www.federalreserve.gov/monetarypolicy/fomcminutes20100810.htm,269,22,26,221,-0.01486988847583643,2.79,0.52,0.018973853443988567,-0.18000000000000016
2010-09-21,https://www.federalreserve.gov/monetarypolicy/fomcminutes20100921.htm,238,20,21,197,-0.004201680672268907,2.61,0.43,0.00134358036097259,0.06000000000000005
2010-11-03,https://www.federalreserve.gov/monetarypolicy/fomcminutes20101103.htm,267,28,24,215,0.0149812734082397,2.67,0.34,-0.0013634319132885431,0.8200000000000003
2010-12-14,https://www.federalreserve.gov/monetarypolicy/fomcminutes20101214.htm,256,21,24,211,-0.01171875,3.49,0.66,-0.00031305242134306636,-0.040000000000000036
2011-01-26,https://www.federalreserve.gov/monetarypolicy/fomcminutes20110126.htm,376,32,25,319,0.018617021276595744,3.45,0.62,0.007293181561611818,-0.1200000000000001
2011-03-15,https://www.federalreserve.gov/monetarypolicy/fomcminutes20110315.htm,253,42,22,189,0.07905138339920949,3.33,0.63,0.028649884891935082,0.06000000000000005
2011-04-27,https://www.federalreserve.gov/monetarypolicy/fomcminutes20110427.htm,275,52,24,199,0.10181818181818182,3.39,0.65,0.06649552883132902,-0.38000000000000034
2011-06-22,https://www.federalreserve.gov/monetarypolicy/fomcminutes20110622.htm,258,37,23,198,0.05426356589147287,3.01,0.39,0.07837771036962139,-0.8099999999999996
2011-08-09,https://www.federalreserve.gov/monetarypolicy/fomcminutes20110809.htm,252,23,34,195,-0.04365079365079365,2.2,0.19,0.03747698468628702,-0.3200000000000003
2011-09-21,https://www.federalreserve.gov/monetarypolicy/fomcminutes20110921.htm,302,32,44,226,-0.039735099337748346,1.88,0.21,-0.009707442365689704,0.1499999999999999
2011-11-02,https://www.federalreserve.gov/monetarypolicy/fomcminutes20111102.htm,271,31,35,205,-0.014760147601476014,2.03,0.23,-0.03271534686333933,-0.06999999999999984
2011-12-13,https://www.federalreserve.gov/monetarypolicy/fomcminutes20111213.htm,274,23,32,219,-0.032846715328467155,1.96,0.24,-0.029113987422563836,0.04999999999999982
2012-01-25,https://www.federalreserve.gov/monetarypolicy/fomcminutes20120125.htm,378,26,37,315,-0.0291005291005291,2.01,0.22,-0.025569130676824082,0.13000000000000034
2012-03-13,https://www.federalreserve.gov/monetarypolicy/fomcminutes20120313.htm,225,26,29,170,-0.013333333333333334,2.14,0.35,-0.025093525920776526,-0.13000000000000034
2012-04-25,https://www.federalreserve.gov/monetarypolicy/fomcminutes20120425.htm,251,24,35,192,-0.043824701195219126,2.01,0.26,-0.028752854543027184,-0.3599999999999999
2012-06-20,https://www.federalreserve.gov/monetarypolicy/fomcminutes20120620.htm,282,28,39,215,-0.03900709219858156,1.65,0.32,-0.032055042242378005,-0.08999999999999986
2012-08-01,https://www.federalreserve.gov/monetarypolicy/fomcminutes20120801.htm,256,23,41,192,-0.0703125,1.56,0.24,-0.05104809779793356,0.18999999999999995
2012-09-13,https://www.federalreserve.gov/monetarypolicy/fomcminutes20120913.htm,279,25,54,200,-0.1039426523297491,1.75,0.24,-0.07108741484277688,0.050000000000000044
2012-10-24,https://www.federalreserve.gov/monetarypolicy/fomcminutes20121024.htm,257,24,39,194,-0.058365758754863814,1.8,0.29,-0.07754030369487097,-0.08000000000000007
2012-12-12,https://www.federalreserve.gov/monetarypolicy/fomcminutes20121212.htm,277,23,41,213,-0.06498194945848375,1.72,0.25,-0.07576345351436554,0.30999999999999983
2013-01-30,https://www.federalreserve.gov/monetarypolicy/fomcminutes20130130.htm,376,27,50,299,-0.061170212765957445,2.03,0.27,-0.061505973659768336,-0.06999999999999984
2013-03-20,https://www.federalreserve.gov/monetarypolicy/fomcminutes20130320.htm,264,29,53,182,-0.09090909090909091,1.96,0.26,-0.07235375104451071,-0.30000000000000004
2013-05-01,https://www.federalreserve.gov/monetarypolicy/fomcminutes20130501.htm,234,22,40,172,-0.07692307692307693,1.66,0.2,-0.07633412686604175,0.6700000000000002
2013-06-19,https://www.federalreserve.gov/monetarypolicy/fomcminutes20130619.htm,286,28,54,204,-0.09090909090909091,2.33,0.31,-0.08624708624708625,0.27
2013-07-31,https://www.federalreserve.gov/monetarypolicy/fomcminutes20130731.htm,238,32,47,159,-0.06302521008403361,2.6,0.31,-0.07695245930540048,0.08999999999999986
2013-09-18,https://www.federalreserve.gov/monetarypolicy/fomcminutes20130918.htm,247,31,46,170,-0.06072874493927125,2.69,0.34,-0.07155434864413192,-0.14000000000000012
2013-10-30,https://www.federalreserve.gov/monetarypolicy/fomcminutes20131030.htm,248,23,49,176,-0.10483870967741936,2.55,0.33,-0.07619755490024141,0.3400000000000003
2013-12-18,https://www.federalreserve.gov/monetarypolicy/fomcminutes20131218.htm,282,38,52,192,-0.04964539007092199,2.89,0.32,-0.07173761489587087,-0.20000000000000018
2014-01-29,https://www.federalreserve.gov/monetarypolicy/fomcminutes20140129.htm,390,30,36,324,-0.015384615384615385,2.69,0.36,-0.05662290504431892,0.08999999999999986
2014-03-19,https://www.federalreserve.gov/monetarypolicy/fomcminutes20140319.htm,280,38,44,198,-0.02142857142857143,2.78,0.47,-0.028819525628036264,-0.10999999999999988
2014-04-30,https://www.federalreserve.gov/monetarypolicy/fomcminutes20140430.htm,242,27,28,187,-0.004132231404958678,2.67,0.42,-0.01364847273938183,-0.06000000000000005
2014-06-18,https://www.federalreserve.gov/monetarypolicy/fomcminutes20140618.htm,288,43,30,215,0.04513888888888889,2.61,0.48,0.0065260286851195936,-0.040000000000000036
2014-07-30,https://www.federalreserve.gov/monetarypolicy/fomcminutes20140730.htm,274,32,38,204,-0.021897810218978103,2.57,0.56,0.006369615754984036,0.050000000000000266
2014-09-17,https://www.federalreserve.gov/monetarypolicy/fomcminutes20140917.htm,287,47,32,208,0.05226480836236934,2.62,0.59,0.02516862901076004,-0.28000000000000025
2014-10-29,https://www.federalreserve.gov/monetarypolicy/fomcminutes20141029.htm,286,44,23,219,0.07342657342657342,2.34,0.48,0.03459785718998822,-0.19999999999999973
2014-12-17,https://www.federalreserve.gov/monetarypolicy/fomcminutes20141217.htm,251,51,28,172,0.09163346613545817,2.14,0.62,0.07244161597480031,-0.41000000000000014
2015-01-28,https://www.federalreserve.gov/monetarypolicy/fomcminutes20150128.htm,483,72,34,377,0.07867494824016563,1.73,0.5,0.08124499593406574,0.19999999999999996
2015-03-18,https://www.federalreserve.gov/monetarypolicy/fomcminutes20150318.htm,275,46,26,203,0.07272727272727272,1.93,0.57,0.08101189570096551,0.13000000000000012
2015-04-29,https://www.federalreserve.gov/monetarypolicy/fomcminutes20150429.htm,270,54,30,186,0.08888888888888889,2.06,0.56,0.08009703661877575,0.2599999999999998
2015-06-17,https://www.federalreserve.gov/monetarypolicy/fomcminutes20150617.htm,282,56,18,208,0.1347517730496454,2.32,0.67,0.098789311555269,-0.029999999999999805
2015-07-29,https://www.federalreserve.gov/monetarypolicy/fomcminutes20150729.htm,295,54,30,211,0.08135593220338982,2.29,0.7,0.10166553138064138,-0.08000000000000007
2015-09-17,https://www.federalreserve.gov/monetarypolicy/fomcminutes20150917.htm,267,69,23,175,0.17228464419475656,2.21,0.7,0.12946411648259726,-0.10999999999999988
2015-10-28,https://www.federalreserve.gov/monetarypolicy/fomcminutes20151028.htm,291,61,31,199,0.10309278350515463,2.1,0.73,0.118911119967767,0.19999999999999973
2015-12-16,https://www.federalreserve.gov/monetarypolicy/fomcminutes20151216.htm,275,60,20,195,0.14545454545454545,2.3,1.02,0.14027732438481888,-0.2799999999999998
2016-01-27,https://www.federalreserve.gov/monetarypolicy/fomcminutes20160127.htm,452,70,19,363,0.11283185840707964,2.02,0.84,0.12045972912225993,-0.08000000000000007
2016-03-16,https://www.federalreserve.gov/monetarypolicy/fomcminutes20160316.htm,276,46,33,197,0.04710144927536232,1.94,0.87,0.10179595104566248,-0.06999999999999984
2016-04-27,https://www.federalreserve.gov/monetarypolicy/fomcminutes20160427.htm,320,47,37,236,0.03125,1.87,0.83,0.06372776922748066,-0.27
2016-06-15,https://www.federalreserve.gov/monetarypolicy/fomcminutes20160615.htm,290,53,28,209,0.08620689655172414,1.6,0.69,0.05485278194236217,-0.08000000000000007
2016-07-27,https://www.federalreserve.gov/monetarypolicy/fomcminutes20160727.htm,355,59,41,255,0.05070422535211268,1.52,0.73,0.056053707301278954,0.1399999999999999
2016-09-21,https://www.federalreserve.gov/monetarypolicy/fomcminutes20160921.htm,358,57,40,261,0.04748603351955307,1.66,0.79,0.061465718474463304,0.15000000000000013
2016-11-02,https://www.federalreserve.gov/monetarypolicy/fomcminutes20161102.htm,325,64,27,234,0.11384615384615385,1.81,0.81,0.07067880423927321,0.73
2016-12-14,https://www.federalreserve.gov/monetarypolicy/fomcminutes20161214.htm,303,66,26,211,0.132013201320132,2.54,1.27,0.09778179622861298,-0.06000000000000005
2017-02-01,https://www.federalreserve.gov/monetarypolicy/fomcminutes20170201.htm,447,66,26,355,0.0894854586129754,2.48,1.22,0.1117816045930871,0.029999999999999805
2017-03-15,https://www.federalreserve.gov/monetarypolicy/fomcminutes20170315.htm,323,63,33,227,0.09287925696594428,2.51,1.33,0.10479263896635056,-0.17999999999999972
2017-05-03,https://www.federalreserve.gov/monetarypolicy/fomcminutes20170503.htm,313,59,31,223,0.08945686900958466,2.33,1.3,0.09060719486283479,-0.18000000000000016
2017-06-14,https://www.federalreserve.gov/monetarypolicy/fomcminutes20170614.htm,317,64,24,229,0.12618296529968454,2.15,1.35,0.10283969709173783,0.14000000000000012
2017-07-26,https://www.federalreserve.gov/monetarypolicy/fomcminutes20170726.htm,281,54,24,203,0.10676156583629894,2.29,1.36,0.10746713338185605,-0.010000000000000231
2017-09-20,https://www.federalreserve.gov/monetarypolicy/fomcminutes20170920.htm,307,57,21,229,0.11726384364820847,2.28,1.45,0.116736124928064,0.0900000000000003
2017-11-01,https://www.federalreserve.gov/monetarypolicy/fomcminutes20171101.htm,283,67,22,194,0.15901060070671377,2.37,1.61,0.1276786700637404,-0.010000000000000231
2017-12-13,https://www.federalreserve.gov/monetarypolicy/fomcminutes20171213.htm,270,71,13,186,0.21481481481481482,2.36,1.79,0.1636964197232457,0.3600000000000003
2018-01-31,https://www.federalreserve.gov/monetarypolicy/fomcminutes20180131.htm,437,87,33,317,0.12356979405034325,2.72,2.14,0.16579840319062397,0.16999999999999993
2018-03-21,https://www.federalreserve.gov/monetarypolicy/fomcminutes20180321.htm,260,55,25,180,0.11538461538461539,2.89,2.31,0.15125640808325783,0.08000000000000007
2018-05-02,https://www.federalreserve.gov/monetarypolicy/fomcminutes20180502.htm,290,58,22,210,0.12413793103448276,2.97,2.49,0.12103078015648046,0.009999999999999787
2018-06-13,https://www.federalreserve.gov/monetarypolicy/fomcminutes20180613.htm,247,48,24,175,0.09716599190283401,2.98,2.59,0.1122295127739774,0.020000000000000018
2018-08-01,https://www.federalreserve.gov/monetarypolicy/fomcminutes20180801.htm,309,45,35,229,0.032362459546925564,3.0,2.67,0.08455546082808078,0.06000000000000005
2018-09-26,https://www.federalreserve.gov/monetarypolicy/fomcminutes20180926.htm,258,47,22,189,0.09689922480620156,3.06,2.83,0.07547589208532038,0.18000000000000016
2018-11-08,https://www.federalreserve.gov/monetarypolicy/fomcminutes20181108.htm,300,43,25,232,0.06,3.24,2.98,0.06308722811770905,-0.4700000000000002
2018-12-19,https://www.federalreserve.gov/monetarypolicy/fomcminutes20181219.htm,296,63,25,208,0.12837837837837837,2.77,2.63,0.09509253439485998,-0.06999999999999984
2019-01-30,https://www.federalreserve.gov/monetarypolicy/fomcminutes20190130.htm,481,67,35,379,0.06652806652806653,2.7,2.52,0.08496881496881496,-0.16000000000000014
2019-03-20,https://www.federalreserve.gov/monetarypolicy/fomcminutes20190320.htm,324,58,34,232,0.07407407407407407,2.54,2.4,0.08966017299350633,-0.020000000000000018
2019-05-01,https://www.federalreserve.gov/monetarypolicy/fomcminutes20190501.htm,339,43,34,262,0.02654867256637168,2.52,2.31,0.05571693772283742,-0.4900000000000002
2019-06-19,https://www.federalreserve.gov/monetarypolicy/fomcminutes20190619.htm,293,51,31,211,0.06825938566552901,2.03,1.74,0.05629404410199159,-0.009999999999999787
2019-07-31,https://www.federalreserve.gov/monetarypolicy/fomcminutes20190731.htm,358,67,47,244,0.055865921787709494,2.02,1.89,0.05022466000653673,-0.21999999999999997
2019-09-18,https://www.federalreserve.gov/monetarypolicy/fomcminutes20190918.htm,364,68,59,237,0.024725274725274724,1.8,1.77,0.04961686072617108,-0.020000000000000018
2019-10-30,https://www.federalreserve.gov/monetarypolicy/fomcminutes20191030.htm,431,48,54,329,-0.013921113689095127,1.78,1.61,0.02222336094129636,0.010000000000000009
2019-12-11,https://www.federalreserve.gov/monetarypolicy/fomcminutes20191211.htm,326,51,29,246,0.06748466257668712,1.79,1.61,0.026096274537622238,-0.18999999999999995
2020-01-29,https://www.federalreserve.gov/monetarypolicy/fomcminutes20200129.htm,460,59,32,369,0.058695652173913045,1.6,1.42,0.03741973368716834,-0.6600000000000001
2020-03-15,https://www.federalreserve.gov/monetarypolicy/fomcminutes20200315.htm,349,29,40,280,-0.03151862464183381,0.94,0.49,0.031553896702922114,-0.30999999999999994
2020-04-29,https://www.federalreserve.gov/monetarypolicy/fomcminutes20200429.htm,337,28,20,289,0.02373887240356083,0.63,0.2,0.016971966645213356,0.12
2020-06-10,https://www.federalreserve.gov/monetarypolicy/fomcminutes20200610.htm,349,32,38,279,-0.017191977077363897,0.75,0.17,-0.00832390977187896,-0.17000000000000004
2020-07-29,https://www.federalreserve.gov/monetarypolicy/fomcminutes20200729.htm,332,30,23,279,0.02108433734939759,0.58,0.12,0.009210410891864841,0.10999999999999999
2020-09-16,https://www.federalreserve.gov/monetarypolicy/fomcminutes20200916.htm,381,46,33,302,0.03412073490813648,0.69,0.14,0.01267103172672339,0.10000000000000009
2020-11-05,https://www.federalreserve.gov/monetarypolicy/fomcminutes20201105.htm,341,34,59,248,-0.07331378299120235,0.79,0.14,-0.00603623691122276,0.13
2020-12-16,https://www.federalreserve.gov/monetarypolicy/fomcminutes20201216.htm,299,36,39,224,-0.010033444816053512,0.92,0.13,-0.016408830966373127,0.12
2021-01-27,https://www.federalreserve.gov/monetarypolicy/fomcminutes20210127.htm,463,50,39,374,0.023758099352051837,1.04,0.12,-0.019863042818401344,0.5899999999999999
2021-03-17,https://www.federalreserve.gov/monetarypolicy/fomcminutes20210317.htm,313,45,31,237,0.04472843450479233,1.63,0.13,0.01948436301359689,0.0
2021-04-28,https://www.federalreserve.gov/monetarypolicy/fomcminutes20210428.htm,333,38,44,251,-0.018018018018018018,1.63,0.17,0.01682283861294205,-0.05999999999999983
2021-06-16,https://www.federalreserve.gov/monetarypolicy/fomcminutes20210616.htm,359,51,37,271,0.03899721448467967,1.57,0.21,0.02190254365715133,-0.31000000000000005
2021-07-28,https://www.federalreserve.gov/monetarypolicy/fomcminutes20210728.htm,363,53,72,238,-0.05234159779614325,1.26,0.2,-0.010454133776493867,0.06000000000000005
2021-09-22,https://www.federalreserve.gov/monetarypolicy/fomcminutes20210922.htm,322,45,45,232,0.0,1.32,0.25,-0.004448127770487861,0.28
2021-11-03,https://www.federalreserve.gov/monetarypolicy/fomcminutes20211103.htm,291,48,37,206,0.037800687285223365,1.6,0.47,-0.004846970170306629,-0.13000000000000012
2021-12-15,https://www.federalreserve.gov/monetarypolicy/fomcminutes20211215.htm,345,61,39,245,0.06376811594202898,1.47,0.69,0.03385626774241745,0.3800000000000001
2022-01-26,https://www.federalreserve.gov/monetarypolicy/fomcminutes20220126.htm,488,56,43,389,0.02663934426229508,1.85,1.13,0.04273604916318247,0.33999999999999986
2022-03-16,https://www.federalreserve.gov/monetarypolicy/fomcminutes20220316.htm,314,71,18,225,0.16878980891719744,2.19,1.95,0.08639908970717385,0.7400000000000002
2022-05-04,https://www.federalreserve.gov/monetarypolicy/fomcminutes20220504.htm,307,71,15,221,0.18241042345276873,2.93,2.66,0.12594652554408708,0.3999999999999999
2022-06-15,https://www.federalreserve.gov/monetarypolicy/fomcminutes20220615.htm,296,77,14,205,0.21283783783783783,3.33,3.2,0.18801269006926802,-0.5500000000000003
2022-07-27,https://www.federalreserve.gov/monetarypolicy/fomcminutes20220727.htm,317,91,18,208,0.2302839116719243,2.78,2.96,0.20851072432084364,0.73
2022-09-21,https://www.federalreserve.gov/monetarypolicy/fomcminutes20220921.htm,278,89,17,172,0.2589928057553957,3.51,4.02,0.23403818508838592,0.5899999999999999
2022-11-02,https://www.federalreserve.gov/monetarypolicy/fomcminutes20221102.htm,295,88,11,196,0.26101694915254237,4.1,4.61,0.2500978888599541,-0.6099999999999994
2022-12-14,https://www.federalreserve.gov/monetarypolicy/fomcminutes20221214.htm,292,93,17,182,0.2602739726027397,3.49,4.23,0.2600945758368926,-0.10000000000000009
2023-02-01,https://www.federalreserve.gov/monetarypolicy/fomcminutes20230201.htm,318,80,22,216,0.18238993710691823,3.39,4.09,0.2345602862874001,0.08999999999999986
2023-03-22,https://www.federalreserve.gov/monetarypolicy/fomcminutes20230322.htm,285,83,14,188,0.24210526315789474,3.48,3.96,0.2282563909558509,-0.10000000000000009
2023-05-03,https://www.federalreserve.gov/monetarypolicy/fomcminutes20230503.htm,313,89,21,203,0.21725239616613418,3.38,3.89,0.21391586547698238,0.4500000000000002
2023-06-14,https://www.federalreserve.gov/monetarypolicy/fomcminutes20230614.htm,271,66,20,185,0.16974169741697417,3.83,4.74,0.2096997855803344,0.029999999999999805
2023-07-26,https://www.federalreserve.gov/monetarypolicy/fomcminutes20230726.htm,264,77,16,171,0.23106060606060605,3.86,4.82,0.20601823321457147,0.48999999999999977
2023-09-20,https://www.federalreserve.gov/monetarypolicy/fomcminutes20230920.htm,254,65,12,177,0.20866141732283464,4.35,5.12,0.2031545736001383,0.41999999999999993
2023-11-01,https://www.federalreserve.gov/monetarypolicy/fomcminutes20231101.htm,268,64,15,189,0.1828358208955224,4.77,4.95,0.207519281426321,-0.7299999999999995
2023-12-13,https://www.federalreserve.gov/monetarypolicy/fomcminutes20231213.htm,252,67,15,170,0.20634920634920634,4.04,4.46,0.19928214818918777,-0.04999999999999982
2024-01-31,https://www.federalreserve.gov/monetarypolicy/fomcminutes20240131.htm,290,73,20,197,0.18275862068965518,3.99,4.27,0.19064788264479463,0.27999999999999936
2024-03-20,https://www.federalreserve.gov/monetarypolicy/fomcminutes20240320.htm,287,73,17,197,0.1951219512195122,4.27,4.59,0.19474325941945791,0.3600000000000003
2024-05-01,https://www.federalreserve.gov/monetarypolicy/fomcminutes20240501.htm,278,74,20,184,0.19424460431654678,4.63,4.96,0.19070839207523804,-0.3200000000000003
2024-06-12,https://www.federalreserve.gov/monetarypolicy/fomcminutes20240612.htm,251,58,20,173,0.15139442231075698,4.31,4.75,0.18025365928227197,-0.21999999999999975
2024-07-31,https://www.federalreserve.gov/monetarypolicy/fomcminutes20240731.htm,265,47,21,197,0.09811320754716982,4.09,4.29,0.1479174113914912,-0.3899999999999997
2024-09-18,https://www.federalreserve.gov/monetarypolicy/fomcminutes20240918.htm,243,44,27,172,0.06995884773662552,3.7,3.61,0.10648882586485077,0.6099999999999994
2024-11-07,https://www.federalreserve.gov/monetarypolicy/fomcminutes20241107.htm,266,44,22,200,0.08270676691729323,4.31,4.21,0.08359294073369618,0.1900000000000004
2024-12-18,https://www.federalreserve.gov/monetarypolicy/fomcminutes20241218.htm,254,48,25,181,0.09055118110236221,4.5,4.35,0.08107226525209366,0.04999999999999982
2025-01-29,https://www.federalreserve.gov/monetarypolicy/fomcminutes20250129.htm,302,58,14,230,0.1456953642384106,4.55,4.21,0.10631777075268867,-0.2999999999999998
2025-03-19,https://www.federalreserve.gov/monetarypolicy/fomcminutes20250319.htm,271,60,15,196,0.16605166051660517,4.25,3.99,0.1340994019524593,0.009999999999999787
2025-05-07,https://www.federalreserve.gov/monetarypolicy/fomcminutes20250507.htm,290,49,22,219,0.09310344827586207,4.26,3.78,0.13495015767695925,0.1200000000000001
2025-06-18,https://www.federalreserve.gov/monetarypolicy/fomcminutes20250618.htm,271,49,15,207,0.12546125461254612,4.38,3.94,0.12820545446833778,0.0
2025-07-30,https://www.federalreserve.gov/monetarypolicy/fomcminutes20250730.htm,264,45,21,198,0.09090909090909091,4.38,3.94,0.10315793126583304,-0.3200000000000003
2025-09-17,https://www.federalreserve.gov/monetarypolicy/fomcminutes20250917.htm,239,47,26,166,0.08786610878661087,4.06,3.52,0.10141215143608263,0.020000000000000462
2025-10-29,https://www.federalreserve.gov/monetarypolicy/fomcminutes20251029.htm,304,59,23,222,0.11842105263157894,4.08,3.59,0.09906541744242692,0.04999999999999982
2025-12-10,https://www.federalreserve.gov/monetarypolicy/fomcminutes20251210.htm,266,54,22,190,0.12030075187969924,4.13,3.54,0.10886263776596301,0.1299999999999999
2026-01-28,https://www.federalreserve.gov/monetarypolicy/fomcminutes20260128.htm,251,34,20,197,0.055776892430278883,4.26,3.56,0.09816623231385235,0.0
2026-03-18,https://www.federalreserve.gov/monetarypolicy/fomcminutes20260318.htm,230,41,20,169,0.09130434782608696,4.26,3.76,0.08912733071202171,0.16000000000000014
2026-04-29,https://www.federalreserve.gov/monetarypolicy/fomcminutes20260429.htm,268,49,19,200,0.11194029850746269,4.42,3.92,0.08634051292127619,0.07000000000000028
2026-06-17,https://www.federalreserve.gov/monetarypolicy/fomcminutes20260617.htm,203,42,14,147,0.13793103448275862,4.49,4.2,0.11372522693876942,
